group,users,n_orders,orders_per_user,avg_basket_size,repeat_rate
control,103145,1711889,16.59691696155897,10.134936918767506,0.9397478458007499
treatment,103064,1709194,16.583812000310488,10.100404765946134,0.9397002329753088
