department,users,orders,orders_per_user
produce,189869,1669456,8.79267284285481
dairy eggs,186534,1508587,8.087463947591324
beverages,165657,1012676,6.1130890937298155
snacks,166485,965731,5.800708772562093
frozen,155195,821427,5.29287025999549
pantry,163178,776826,4.760604983514934
bakery,131273,611808,4.660577574977338
deli,124198,535273,4.30983590718047
alcohol,14124,58272,4.125743415463042
babies,30130,122484,4.065184201792234
